datetime,stock,exchange,quantity,price,notional,bid,ask,condition
2021-04-01 07:58:18,193.4,EDGX,1130,193.5,"$218,655",193.25,193.7,Pre-Market
2021-04-01 08:23:47,193.4,Dark Pool,1100,193.2,"$212,520",193.2,193.5,Pre-Market
2021-04-01 09:09:02,193.4,Dark Pool,2000,192.8,"$385,600",192.8,192.81,Pre-Market
2021-04-01 09:30:01,191.45,NYSE,17032,193.36,"$3,293,308",193,193.69,Opening
2021-04-01 09:31:52,191.45,Dark Pool,1420,193.01,"$274,074",193.01,193.63,
2021-04-01 09:31:59,191.45,Dark Pool,1916,193.87,"$371,455",193.01,193.8,
2021-04-01 09:32:12,191.45,Dark Pool,1144,192.34,"$220,037",192.21,193.55,
2021-04-01 09:32:20,191.45,Dark Pool,1315,192.166,"$252,698",192.1,193.32,
2021-04-01 09:32:20,191.45,Dark Pool,1742,192.166,"$334,753",192.1,193.32,
2021-04-01 09:32:40,191.45,NYSE,1652,191,"$315,532",191,191.54,
2021-04-01 09:32:55,191.45,Dark Pool,1200,189.9,"$227,880",189.53,189.79,
2021-04-01 09:33:10,191.45,Dark Pool,3000,190.005,"$570,015",189.5,190.51,
2021-04-01 09:41:57,191.45,EDGX,1500,190,"$285,000",190,190.39,Sweep
2021-04-01 09:42:09,191.45,Dark Pool,1100,189.747,"$208,722",189.42,190.12,
2021-04-01 09:44:00,191.45,NASDAQ,1974,188.75,"$372,592",188.7,189.09,
2021-04-01 09:44:33,191.45,NYSE,1806,188,"$339,528",188,188.69,
2021-04-01 09:44:33,191.45,NYSE,2466,188,"$463,608",188,188.39,
2021-04-01 09:44:33,191.45,ARCA,1500,188,"$282,000",188,188.69,
2021-04-01 09:44:34,191.45,Dark Pool,2000,187.75,"$375,500",187.67,188.68,
2021-04-01 09:44:57,191.45,Dark Pool,1250,188.07,"$235,088",187.88,188.07,
2021-04-01 09:45:40,191.45,EDGX,1139,187,"$212,993",186.66,187,Sweep
2021-04-01 09:45:40,191.45,EDGX,2142,187,"$400,554",186.66,187,Sweep
2021-04-01 09:45:45,191.45,Dark Pool,1250,187.591,"$234,489",187.03,187.6,
2021-04-01 09:45:49,191.45,Dark Pool,1300,187.35,"$243,555",187.15,187.79,
2021-04-01 09:45:50,191.45,NYSE,2529,187,"$472,923",186.98,187,Sweep
2021-04-01 09:45:50,191.45,Dark Pool,1200,187.09,"$224,508",187.03,187.79,
2021-04-01 09:46:14,191.45,Dark Pool,1076,186.733,"$200,925",186.72,187.2,
2021-04-01 09:46:18,191.45,Dark Pool,1250,186.976,"$233,720",186.59,186.98,
2021-04-01 09:46:50,191.45,Dark Pool,1526,186.51,"$284,614",186.51,187.05,
2021-04-01 09:47:05,191.45,NYSE,4663,186.3,"$868,717",186.3,186.51,
2021-04-01 09:47:12,191.45,Dark Pool,1345,185.495,"$249,491",185.28,185.71,
2021-04-01 09:47:22,191.45,Dark Pool,1600,185.59,"$296,944",185.18,186,
2021-04-01 09:47:23,191.45,Dark Pool,1250,185.919,"$232,399",185.3,185.93,
2021-04-01 09:47:29,191.45,Dark Pool,1225,186.501,"$228,464",185.95,186.5,
2021-04-01 09:48:03,191.45,NYSE,2126,185,"$393,310",185,185.27,
2021-04-01 09:48:03,191.45,ARCA,1212,185,"$224,220",185,185.27,Sweep
2021-04-01 09:48:03,191.45,Dark Pool,1200,185,"$222,000",185,185.26,
2021-04-01 09:48:04,191.45,ARCA,1647,185,"$304,695",184.75,185.26,
2021-04-01 09:48:05,191.45,ARCA,1495,184.6,"$275,977",184.53,184.81,
2021-04-01 09:48:07,191.45,NYSE,1668,184,"$306,912",184,184.33,
2021-04-01 09:48:08,191.45,NYSE,3550,184,"$653,200",184,184.38,Sweep
2021-04-01 09:48:10,191.45,ARCA,1283,183.8,"$235,815",183.6,184.21,
2021-04-01 09:48:29,191.45,Dark Pool,6000,184.632,"$1,107,792",184,184.89,
2021-04-01 09:48:39,191.45,Dark Pool,1250,186.24,"$232,800",185.45,186.24,
2021-04-01 09:49:35,191.45,NASDAQ,1334,186.5,"$248,791",186.38,186.51,
2021-04-01 09:50:00,191.45,Dark Pool,7900,186.9,"$1,476,510",186.5,186.9,
2021-04-01 09:50:05,191.45,Dark Pool,1200,186.62,"$223,944",186.52,186.88,
2021-04-01 09:51:02,191.45,NYSE,1211,185,"$224,035",185,185.44,
2021-04-01 09:51:04,191.45,Dark Pool,5107,184,"$939,688",184,184.99,
2021-04-01 09:51:08,191.45,Dark Pool,1200,184.89,"$221,868",184.5,184.98,
2021-04-01 09:51:16,191.45,Dark Pool,2535,185.999,"$471,507",185.16,186,
2021-04-01 09:51:39,191.45,Dark Pool,2000,186.8,"$373,600",186.44,186.89,
2021-04-01 09:51:54,191.45,Dark Pool,2800,187,"$523,600",186.5,187,
2021-04-01 09:52:04,191.45,NYSE,1319,187,"$246,653",187,187.28,Sweep
2021-04-01 09:52:30,191.45,Dark Pool,2058,186.503,"$383,823",186.5,187.26,
2021-04-01 09:52:30,191.45,Dark Pool,1703,186.503,"$317,615",186.5,187.26,
2021-04-01 09:52:30,191.45,Dark Pool,2900,187,"$542,300",186.5,187.26,
2021-04-01 09:52:33,191.45,Dark Pool,3000,186.9,"$560,700",186.58,187.17,
2021-04-01 09:53:06,191.45,Dark Pool,4000,186.9,"$747,600",186.8,187.37,
2021-04-01 09:53:09,191.45,EDGX,2847,187,"$532,389",187,187.36,Sweep
2021-04-01 09:53:29,191.45,Dark Pool,2500,187.79,"$469,475",187.05,187.79,
2021-04-01 09:53:34,191.45,NYSE,2675,187.5,"$501,562",187,187.5,
2021-04-01 09:53:45,191.45,NYSE,1600,187.86,"$300,576",187.51,187.85,Sweep
2021-04-01 09:53:46,191.45,Dark Pool,1555,187.735,"$291,928",187.5,187.97,
2021-04-01 09:53:52,191.45,NYSE,1076,188,"$202,288",187.77,188,Sweep
2021-04-01 09:54:02,191.45,Dark Pool,1447,188.55,"$272,832",188.19,188.55,
2021-04-01 09:54:10,191.45,NYSE,1827,188.8,"$344,938",188.39,188.8,Sweep
2021-04-01 09:54:23,191.45,Dark Pool,1100,188.28,"$207,108",188.01,188.55,
2021-04-01 09:54:33,191.45,Dark Pool,1500,188.2,"$282,300",188.2,188.89,
2021-04-01 09:54:41,191.45,Dark Pool,1314,188.509,"$247,701",188.5,189.15,
2021-04-01 09:55:21,191.45,Dark Pool,1256,187.76,"$235,827",187.76,188.4,
2021-04-01 09:57:05,191.45,NYSE,1594,187,"$298,078",187,187.38,Sweep
2021-04-01 09:57:05,191.45,EDGX,2300,187,"$430,100",187,187.38,
2021-04-01 09:57:05,191.45,EDGX,2700,187,"$504,900",187,187.38,
2021-04-01 09:57:05,191.45,Dark Pool,4000,186.95,"$747,800",186.9,187.03,
2021-04-01 09:57:05,191.45,EDGX,3922,186.9,"$733,022",186.9,187.03,
2021-04-01 09:57:05,191.45,Dark Pool,1917,187,"$358,479",186.8,187.03,
2021-04-01 09:57:05,191.45,Dark Pool,3000,186.98,"$560,940",186.79,187.03,
2021-04-01 09:57:59,191.45,Dark Pool,1500,187.575,"$281,362",187.47,187.68,
2021-04-01 09:59:28,191.45,Dark Pool,1400,188.05,"$263,270",187.94,188.18,
2021-04-01 10:00:05,191.45,Dark Pool,1330,187.035,"$248,757",187.03,187.48,
2021-04-01 10:00:27,191.45,EDGX,3801,187,"$710,787",187,187.4,
2021-04-01 10:00:27,191.45,EDGX,3615,186.98,"$675,933",186.95,187.4,
2021-04-01 10:00:27,191.45,Dark Pool,3600,186.95,"$673,020",186.77,187.24,
2021-04-01 10:02:01,191.45,NASDAQ,1157,189,"$218,673",188.55,189.04,
2021-04-01 10:02:24,191.45,NASDAQ,1164,189.5,"$220,578",189.3,189.5,
2021-04-01 10:02:40,191.45,NYSE,1910,190,"$362,900",189.87,190,
2021-04-01 10:02:40,191.45,Dark Pool,1840,190.3,"$350,152",190.01,190.37,
2021-04-01 10:02:46,191.45,Dark Pool,1400,189.885,"$265,839",189.55,190.18,
2021-04-01 10:03:07,191.45,Dark Pool,1300,189.885,"$246,850",189.8,189.97,
2021-04-01 10:07:00,191.45,EDGX,2193,190.25,"$417,218",189.86,190.33,
2021-04-01 10:07:49,191.45,Dark Pool,2114,189.693,"$401,011",189.16,189.7,
2021-04-01 10:08:16,191.45,EDGX,2500,189.5,"$473,750",189.04,189.55,Sweep
2021-04-01 10:08:16,191.45,Dark Pool,1400,189.69,"$265,566",189.35,189.69,
2021-04-01 10:08:59,191.45,NASDAQ,2029,190.5,"$386,524",190.06,190.5,Sweep
2021-04-01 10:08:59,191.45,Dark Pool,2252,190.97,"$430,064",190.43,190.97,
2021-04-01 10:09:21,191.45,Dark Pool,1300,190.4,"$247,520",190.2,190.6,
2021-04-01 10:09:27,191.45,NYSE,1203,191,"$229,773",190.62,191,
2021-04-01 10:09:45,191.45,Dark Pool,1514,191,"$289,174",190.62,191.26,
2021-04-01 10:10:09,191.45,Dark Pool,1300,191.35,"$248,755",191.1,191.6,
2021-04-01 10:10:12,191.45,Dark Pool,2300,191.88,"$441,324",191.52,191.88,
2021-04-01 10:10:15,191.45,Dark Pool,1300,191.623,"$249,110",191.62,191.99,
2021-04-01 10:10:25,191.45,NYSE,1268,192,"$243,456",191.51,192,
2021-04-01 10:10:31,191.45,NASDAQ,1278,192.25,"$245,696",191.91,192.43,
2021-04-01 10:10:36,191.45,Dark Pool,1300,191.925,"$249,503",191.7,192.15,
2021-04-01 10:11:03,191.45,NYSE,1161,192.25,"$223,202",191.83,192.29,Sweep
2021-04-01 10:11:44,191.45,Dark Pool,2500,191.5,"$478,750",191.15,191.5,
2021-04-01 10:12:27,191.45,Dark Pool,1300,192.42,"$250,146",192.26,192.58,
2021-04-01 10:14:03,191.45,Dark Pool,1250,191.712,"$239,640",191.7,192.08,
2021-04-01 10:14:30,191.45,Dark Pool,1364,191.571,"$261,303",191.56,191.77,
2021-04-01 10:15:14,191.45,Dark Pool,1800,191.276,"$344,297",190.77,191.28,
2021-04-01 10:17:00,191.45,Dark Pool,1302,191.95,"$249,919",191.41,191.95,
2021-04-01 10:23:04,191.45,Dark Pool,1500,190.778,"$286,167",190.41,190.78,
2021-04-01 10:24:19,191.45,Dark Pool,1400,190.64,"$266,896",190.5,190.7,
2021-04-01 10:27:45,191.45,Dark Pool,2000,190.25,"$380,500",190.2,190.44,
2021-04-01 10:30:52,191.45,Dark Pool,1378,190.91,"$263,074",190.91,191.34,
2021-04-01 10:32:06,191.45,NYSE,1558,190.05,"$296,098",190.01,190.37,
2021-04-01 10:33:31,191.45,NYSE,1600,189.44,"$303,104",189.27,189.65,
2021-04-01 10:34:14,191.45,Dark Pool,1900,189.678,"$360,388",189.54,190,
2021-04-01 10:34:22,191.45,Dark Pool,1316,189.848,"$249,840",189.4,189.85,
2021-04-01 10:39:41,191.45,Dark Pool,1200,189.39,"$227,268",189.03,189.47,
2021-04-01 10:40:45,191.45,Dark Pool,1391,188.341,"$261,982",188.34,188.67,
2021-04-01 10:40:54,191.45,NYSE,1431,188,"$269,028",188,188.42,
2021-04-01 10:40:54,191.45,Dark Pool,1400,187.76,"$262,864",187.67,188.14,
2021-04-01 10:44:34,191.45,Dark Pool,1400,189.31,"$265,034",188.93,189.39,
2021-04-01 10:50:22,191.45,Dark Pool,2606,189,"$492,534",188.86,189.31,
2021-04-01 10:51:05,191.45,NYSE,1379,189,"$260,631",189,189.15,Sweep
2021-04-01 10:53:24,191.45,CHX,19000,189.01,"$3,591,190",187.51,187.93,Contingent
2021-04-01 10:56:51,191.45,Dark Pool,1200,188.608,"$226,330",188.37,188.61,
2021-04-01 10:57:54,191.45,EDGX,1523,188,"$286,324",188,188.16,Sweep
2021-04-01 10:57:54,191.45,EDGX,1581,188,"$297,228",188,188.16,
2021-04-01 10:57:54,191.45,Dark Pool,4000,188,"$752,000",187.95,188.16,
2021-04-01 10:57:54,191.45,Dark Pool,4800,187.98,"$902,304",187.95,188.16,
2021-04-01 10:58:06,191.45,Dark Pool,1300,188.003,"$244,404",188.01,188.34,
2021-04-01 10:58:28,191.45,EDGX,4384,188,"$824,192",188,188.17,
2021-04-01 10:58:32,191.45,EDGX,3149,187.9,"$591,697",187.9,188.15,
2021-04-01 10:58:32,191.45,Dark Pool,2600,187.98,"$488,748",187.82,188.07,
2021-04-01 10:58:32,191.45,Dark Pool,1400,187.98,"$263,172",187.82,188.07,
2021-04-01 10:59:18,191.45,Dark Pool,1300,188.473,"$245,015",188.47,188.84,
2021-04-01 11:01:04,191.45,Dark Pool,1300,189.285,"$246,070",189.18,189.39,
2021-04-01 11:01:19,191.45,Dark Pool,1425,188.61,"$268,769",188.61,188.89,
2021-04-01 11:04:30,191.45,IEX,2882,190,"$547,580",189.78,190,
2021-04-01 11:04:30,191.45,Dark Pool,2882,189.846,"$547,136",189.78,190.08,
2021-04-01 11:06:47,191.45,EDGX,4653,188,"$874,764",188,188.4,
2021-04-01 11:06:47,191.45,NASDAQ,1823,187.98,"$342,688",187.98,188.28,
2021-04-01 11:06:47,191.45,Dark Pool,4000,187.98,"$751,920",187.8,188,
2021-04-01 11:06:47,191.45,Dark Pool,3000,187.98,"$563,940",187.77,188,
2021-04-01 11:10:08,191.45,EDGX,4124,187.98,"$775,230",187.98,188.2,
2021-04-01 11:10:08,191.45,Dark Pool,4900,188,"$921,200",187.82,188.2,
2021-04-01 11:10:08,191.45,Dark Pool,4000,187.98,"$751,920",187.82,188.2,
2021-04-01 11:11:07,191.45,EDGX,1131,188,"$212,628",187.98,188.25,Sweep
2021-04-01 11:11:07,191.45,Dark Pool,3000,188,"$564,000",187.98,188.25,
2021-04-01 11:12:41,191.45,Dark Pool,1360,188.28,"$256,061",188.28,188.5,
2021-04-01 11:12:43,191.45,EDGX,1763,188,"$331,444",188,188.15,
2021-04-01 11:12:43,191.45,EDGX,2489,188,"$467,932",187.98,188.15,
2021-04-01 11:12:43,191.45,Dark Pool,4000,187.98,"$751,920",187.98,188.31,
2021-04-01 11:12:49,191.45,Dark Pool,2000,187.983,"$375,966",187.98,188.31,
2021-04-01 11:13:07,191.45,EDGX,2596,187.98,"$487,996",187.98,188.1,
2021-04-01 11:13:40,191.45,Dark Pool,1623,187.92,"$304,994",187.5,187.92,
2021-04-01 11:13:40,191.45,Dark Pool,1142,187.92,"$214,605",187.51,187.92,
2021-04-01 11:13:56,191.45,Dark Pool,1144,188,"$215,072",188,188.43,
2021-04-01 11:20:27,191.45,Dark Pool,1825,188.87,"$344,688",188.87,189.13,
2021-04-01 11:23:06,191.45,EDGX,1414,188,"$265,832",188,188.29,Sweep
2021-04-01 11:23:06,191.45,EDGX,2486,188,"$467,368",188,188.29,
2021-04-01 11:32:31,191.45,NYSE,1320,187.1,"$246,972",187.1,187.56,Sweep
2021-04-01 11:33:14,191.45,NYSE,2366,187,"$442,442",187,187.25,
2021-04-01 11:33:18,191.45,Dark Pool,1200,186.65,"$223,980",186.58,186.99,
2021-04-01 11:34:31,191.45,Dark Pool,1341,186.26,"$249,775",186.26,186.55,
2021-04-01 11:41:03,191.45,Dark Pool,1135,186.9,"$212,132",186.6,186.9,
2021-04-01 11:45:24,191.45,Dark Pool,2000,186.99,"$373,980",186.85,186.99,
2021-04-01 11:52:07,191.45,Dark Pool,1500,187.185,"$280,778",187.02,187.35,
2021-04-01 11:52:47,191.45,Dark Pool,1250,187.82,"$234,775",187.68,187.87,
2021-04-01 11:53:22,191.45,Dark Pool,1500,187.866,"$281,799",187.77,188,
2021-04-01 11:59:52,191.45,Dark Pool,1500,187.66,"$281,490",187.4,187.67,
2021-04-01 12:01:08,191.45,Dark Pool,3000,187.87,"$563,610",187.64,188.11,
2021-04-01 12:01:35,191.45,Dark Pool,1500,188.05,"$282,075",187.88,188.22,
2021-04-01 12:02:02,191.45,Dark Pool,1344,188.005,"$252,679",188,188.3,
2021-04-01 12:02:55,191.45,Dark Pool,1500,187.975,"$281,962",187.88,188.07,
2021-04-01 12:02:57,191.45,Dark Pool,1191,188.07,"$223,991",188.07,188.29,
2021-04-01 12:02:58,191.45,Dark Pool,1500,188.186,"$282,279",188.07,188.3,
2021-04-01 12:06:45,191.45,EDGX,1952,188,"$366,976",188,188.23,Sweep
2021-04-01 12:07:47,191.45,Dark Pool,1341,188.4,"$252,644",188.11,188.4,
2021-04-01 12:08:39,191.45,Dark Pool,1500,188.015,"$282,022",187.87,188.16,
2021-04-01 12:10:20,191.45,Dark Pool,2138,188,"$401,944",187.8,188.1,
2021-04-01 12:12:03,191.45,Dark Pool,1160,188.2,"$218,312",187.95,188.2,
2021-04-01 12:13:23,191.45,Dark Pool,1300,188.3,"$244,790",188.15,188.45,
2021-04-01 12:14:52,191.45,Dark Pool,1300,187.83,"$244,179",187.83,188,
2021-04-01 12:15:36,191.45,NASDAQ,1104,188,"$207,552",187.71,188,Sweep
2021-04-01 12:18:12,191.45,NYSE,1224,189,"$231,336",188.83,189,
2021-04-01 12:18:12,191.45,EDGX,1300,189,"$245,700",188.83,189,
2021-04-01 12:18:12,191.45,Dark Pool,1124,189,"$212,436",188.85,189.03,
2021-04-01 12:18:22,191.45,Dark Pool,1200,188.784,"$226,541",188.7,188.98,
2021-04-01 12:19:30,191.45,Dark Pool,1097,189.75,"$208,156",189.35,189.86,Sweep
2021-04-01 12:19:30,191.45,EDGX,1990,189.47,"$377,045",189.29,189.74,
2021-04-01 12:19:37,191.45,Dark Pool,1134,189.86,"$215,301",189.99,190,
2021-04-01 12:19:46,191.45,NASDAQ,5774,190,"$1,097,060",189.75,190,
2021-04-01 12:19:46,191.45,NASDAQ,4084,190,"$775,960",189.75,190,
2021-04-01 12:19:46,191.45,EDGX,5420,190,"$1,029,800",189.75,190,
2021-04-01 12:19:46,191.45,EDGX,10526,190,"$1,999,940",189.75,190,
2021-04-01 12:26:11,191.45,Dark Pool,1249,188.5,"$235,436",188.33,188.72,
2021-04-01 12:30:55,191.45,NASDAQ,1200,188.25,"$225,900",188.25,188.52,
2021-04-01 12:35:55,191.45,ARCA,2865,187.56,"$537,359",187.56,187.73,
2021-04-01 12:37:15,191.45,Dark Pool,1640,187.25,"$307,090",187.2,187.45,
2021-04-01 12:40:43,191.45,NASDAQ,1669,187.2,"$312,437",187.17,187.33,
2021-04-01 12:40:43,191.45,Dark Pool,1400,186.9,"$261,660",186.86,187.43,
2021-04-01 12:40:44,191.45,NASDAQ,3562,186.75,"$665,204",186.61,186.95,
2021-04-01 12:42:12,191.45,Dark Pool,1527,186.31,"$284,495",186.31,186.54,
2021-04-01 12:46:31,191.45,EDGX,1130,187,"$211,310",186.82,187.15,
2021-04-01 12:48:41,191.45,Dark Pool,1434,186.78,"$267,843",186.53,186.97,
2021-04-01 12:49:43,191.45,Dark Pool,1129,187.7,"$211,913",187.33,187.7,
2021-04-01 12:49:43,191.45,Dark Pool,1301,187.7,"$244,198",187.33,187.7,
2021-04-01 12:53:26,191.45,Dark Pool,2500,187.631,"$469,078",187.5,187.75,
2021-04-01 12:54:33,191.45,NASDAQ,1225,187.77,"$230,018",187.77,187.95,
2021-04-01 12:56:18,191.45,Dark Pool,1988,187.87,"$373,486",187.52,187.87,
2021-04-01 13:03:25,191.45,EDGX,9587,187,"$1,792,769",187,187.01,
2021-04-01 13:04:03,191.45,EDGX,5000,188,"$940,000",187.68,188,
2021-04-01 13:04:03,191.45,Dark Pool,2900,187.93,"$544,997",187.84,188.17,
2021-04-01 13:07:13,191.45,Dark Pool,1300,187.945,"$244,328",187.77,188.12,
2021-04-01 13:10:01,191.45,NASDAQ,2366,188,"$444,808",188,188.25,
2021-04-01 13:10:37,191.45,NASDAQ,1079,188,"$202,852",188,188.22,
2021-04-01 13:13:55,191.45,NASDAQ,1948,188.5,"$367,198",188.21,188.5,
2021-04-01 13:13:55,191.45,NASDAQ,1930,188.5,"$363,805",188.36,188.52,
2021-04-01 13:13:55,191.45,NASDAQ,3585,188.5,"$675,772",188.21,188.5,Sweep
2021-04-01 13:23:31,191.45,EDGX,1662,189.6,"$315,115",189.1,189.48,Sweep
2021-04-01 13:23:33,191.45,Dark Pool,2000,189.84,"$379,680",189.75,189.83,
2021-04-01 13:24:39,191.45,Dark Pool,1640,191,"$313,240",190.83,191.12,
2021-04-01 13:24:59,191.45,NYSE,1293,192,"$248,256",191.99,192,Sweep
2021-04-01 13:24:59,191.45,IEX,1331,192.19,"$255,805",192.19,192.19,
2021-04-01 13:25:14,191.45,NYSE,1102,192.5,"$212,135",192.19,192.5,
2021-04-01 13:25:15,191.45,Dark Pool,1500,192.535,"$288,802",192.33,192.74,
2021-04-01 13:25:16,191.45,Dark Pool,1141,192.748,"$219,925",192.5,192.85,
2021-04-01 13:25:18,191.45,NYSE,2598,193,"$501,414",192.71,193,
2021-04-01 13:25:29,191.45,Dark Pool,1500,193.22,"$289,830",193.04,193.4,
2021-04-01 13:25:30,191.45,Dark Pool,1500,193.047,"$289,570",193.04,193.4,
2021-04-01 13:25:31,191.45,Dark Pool,1500,193.22,"$289,830",193.04,193.4,
2021-04-01 13:25:34,191.45,Dark Pool,2500,193.04,"$482,600",193.04,193.39,
2021-04-01 13:25:43,191.45,Dark Pool,2000,192.87,"$385,740",192.8,192.94,
2021-04-01 13:26:02,191.45,EDGX,2000,194,"$388,000",193.9,194,
2021-04-01 13:26:11,191.45,Dark Pool,2000,194.69,"$389,380",194.35,194.74,
2021-04-01 13:26:11,191.45,NYSE,5867,195,"$1,144,065",194.54,195.05,
2021-04-01 13:26:13,191.45,Dark Pool,2500,194.775,"$486,938",194.56,194.99,
2021-04-01 13:26:20,191.45,ARCA,5695,195.2,"$1,111,664",194.86,195.2,
2021-04-01 13:26:20,191.45,NASDAQ,1282,195.5,"$250,631",194.98,195.67,Sweep
2021-04-01 13:26:20,191.45,NYSE,3217,196,"$630,532",195.55,195.84,Sweep
2021-04-01 13:26:20,191.45,NASDAQ,1281,196,"$251,076",195.55,196,
2021-04-01 13:26:22,191.45,Dark Pool,1500,195.61,"$293,415",195.23,196,
2021-04-01 13:26:23,191.45,Dark Pool,1034,195.949,"$202,611",195.23,195.96,
2021-04-01 13:26:35,191.45,Dark Pool,1500,195.315,"$292,972",195.08,195.55,
2021-04-01 13:26:36,191.45,Dark Pool,1500,195.041,"$292,562",195.03,195.55,
2021-04-01 13:26:36,191.45,Dark Pool,1500,195.325,"$292,988",195.1,195.55,
2021-04-01 13:26:38,191.45,Dark Pool,1400,195.252,"$273,353",194.82,195.29,
2021-04-01 13:27:16,191.45,Dark Pool,1500,194.935,"$292,402",194.76,195.11,
2021-04-01 13:27:18,191.45,NYSE,2600,195,"$507,000",194.87,195,
2021-04-01 13:27:19,191.45,Dark Pool,2600,195.11,"$507,286",194.88,195,
2021-04-01 13:27:19,191.45,Dark Pool,1492,194.909,"$290,804",194.87,195,
2021-04-01 13:27:21,191.45,NYSE,1805,195,"$351,975",194.98,195,Sweep
2021-04-01 13:27:32,191.45,Dark Pool,1151,195.34,"$224,836",195,195.37,
2021-04-01 13:27:40,191.45,Dark Pool,1250,195.204,"$244,005",195.2,195.6,
2021-04-01 13:27:47,191.45,Dark Pool,1679,194.06,"$325,827",194.06,194.98,
2021-04-01 13:27:51,191.45,Dark Pool,1500,194.335,"$291,502",194.06,194.61,
2021-04-01 13:27:52,191.45,Dark Pool,1500,194.335,"$291,502",194.06,194.61,
2021-04-01 13:28:05,191.45,Dark Pool,1500,194.716,"$292,074",194.34,194.72,
2021-04-01 13:28:07,191.45,Dark Pool,1500,195,"$292,500",194.71,195,
2021-04-01 13:28:08,191.45,ARCA,1124,195,"$219,180",194.71,195,
2021-04-01 13:28:11,191.45,Dark Pool,1500,195.16,"$292,740",195,195.32,
2021-04-01 13:28:13,191.45,Dark Pool,1500,195.6,"$293,400",194.71,195.6,
2021-04-01 13:28:21,191.45,Dark Pool,1500,195.73,"$293,595",195.73,196,
2021-04-01 13:28:26,191.45,Dark Pool,1500,195.49,"$293,235",195.32,195.66,
2021-04-01 13:28:41,191.45,Dark Pool,1400,195.93,"$274,302",195.72,196,
2021-04-01 13:28:42,191.45,EDGX,1053,196,"$206,388",195.72,196,
2021-04-01 13:28:43,191.45,Dark Pool,1500,195.86,"$293,790",195.72,196,
2021-04-01 13:28:44,191.45,Dark Pool,1500,195.865,"$293,798",195.73,196,
2021-04-01 13:28:47,191.45,Dark Pool,1500,196.013,"$294,020",196,196.6,
2021-04-01 13:28:50,191.45,Dark Pool,1237,196.455,"$243,015",196.45,196.7,
2021-04-01 13:28:51,191.45,Dark Pool,2034,196.693,"$400,074",196.32,196.7,
2021-04-01 13:28:52,191.45,Dark Pool,1250,196.5,"$245,625",196.3,196.7,
2021-04-01 13:28:55,191.45,Dark Pool,1500,196.605,"$294,908",196.6,196.89,
2021-04-01 13:28:56,191.45,Dark Pool,1500,196.821,"$295,232",196.76,196.97,
2021-04-01 13:28:56,191.45,Dark Pool,1500,196.865,"$295,298",196.76,196.97,
2021-04-01 13:28:58,191.45,Dark Pool,1500,196.27,"$294,405",196.27,196.95,
2021-04-01 13:29:00,191.45,Dark Pool,2000,196.8,"$393,600",196.44,196.8,
2021-04-01 13:29:04,191.45,Dark Pool,2000,196.315,"$392,630",196.02,196.61,
2021-04-01 13:29:05,191.45,Dark Pool,1153,196.02,"$226,011",196.02,196.61,
2021-04-01 13:29:23,191.45,Dark Pool,3000,195.49,"$586,470",195.36,195.49,
2021-04-01 13:29:36,191.45,Dark Pool,1300,195.203,"$253,764",195.2,195.49,
2021-04-01 13:29:50,191.45,Dark Pool,1500,195.208,"$292,812",195.12,195.21,
2021-04-01 13:30:56,191.45,Dark Pool,2674,194.054,"$518,900",194,194.4,
2021-04-01 13:31:19,191.45,Dark Pool,1399,194.63,"$272,287",194.37,194.63,
2021-04-01 13:31:48,191.45,Dark Pool,2271,195,"$442,845",194.82,195,
2021-04-01 13:31:49,191.45,Dark Pool,1500,194.72,"$292,080",194.44,195,
2021-04-01 13:32:20,191.45,Dark Pool,2000,194.39,"$388,780",194.28,194.5,
2021-04-01 13:33:39,191.45,Dark Pool,3200,193.32,"$618,624",193.32,193.5,
2021-04-01 13:33:46,191.45,Dark Pool,1250,193.59,"$241,988",193.5,193.68,
2021-04-01 13:33:55,191.45,Dark Pool,1150,193.63,"$222,674",193.5,193.63,
2021-04-01 13:33:56,191.45,Dark Pool,1100,193.25,"$212,575",193.05,193.55,
2021-04-01 13:34:19,191.45,Dark Pool,1260,194,"$244,440",193.74,194.13,
2021-04-01 13:35:47,191.45,Dark Pool,1150,192.85,"$221,778",192.8,193.13,
2021-04-01 13:36:06,191.45,Dark Pool,1200,193.1,"$231,720",193.1,193.44,
2021-04-01 13:36:29,191.45,Dark Pool,1690,192.86,"$325,933",192.86,193.24,
2021-04-01 13:37:44,191.45,Dark Pool,1696,193.165,"$327,608",192.91,193.12,
2021-04-01 13:38:33,191.45,Dark Pool,1500,193.05,"$289,575",193.05,193.34,
2021-04-01 13:38:35,191.45,Dark Pool,2188,193,"$422,284",192.81,193.08,
2021-04-01 13:40:11,191.45,Dark Pool,3000,192.18,"$576,540",192.02,192.46,
2021-04-01 13:40:22,191.45,Dark Pool,1559,192.38,"$299,920",192.07,192.38,
2021-04-01 13:40:22,191.45,Dark Pool,1416,192.38,"$272,410",192.08,192.38,
2021-04-01 13:40:29,191.45,Dark Pool,1600,192.5,"$308,000",192.29,192.65,
2021-04-01 13:41:03,191.45,EDGX,1100,193,"$212,300",192.75,193,
2021-04-01 13:41:22,191.45,Dark Pool,2600,193.03,"$501,878",192.87,193.25,
2021-04-01 13:41:45,191.45,Dark Pool,1187,192.5,"$228,498",192.09,192.45,
2021-04-01 13:45:19,191.45,Dark Pool,1400,192.67,"$269,738",192.43,192.73,
2021-04-01 13:46:33,191.45,EDGX,1534,193.25,"$296,446",193.2,193.27,
2021-04-01 13:46:51,191.45,Dark Pool,1200,194,"$232,800",193.85,194.17,Sweep
2021-04-01 13:46:55,191.45,Dark Pool,1050,193.973,"$203,672",193.97,194.17,
2021-04-01 13:47:01,191.45,Dark Pool,1500,194.17,"$291,255",194.17,194.45,
2021-04-01 13:47:02,191.45,Dark Pool,1500,193.796,"$290,694",193.79,194.31,
2021-04-01 13:47:05,191.45,Dark Pool,1500,194.055,"$291,082",193.95,194.32,
2021-04-01 13:47:41,191.45,Dark Pool,1200,194,"$232,800",193.84,194.42,
2021-04-01 13:47:50,191.45,Dark Pool,2000,194,"$388,000",193.84,194.19,
2021-04-01 13:47:56,191.45,Dark Pool,2800,193.94,"$543,032",193.8,194,
2021-04-01 13:48:36,191.45,Dark Pool,2000,192,"$384,000",191.91,192.59,
2021-04-01 13:49:21,191.45,Dark Pool,2900,192.386,"$557,919",192.02,192.39,
2021-04-01 13:49:28,191.45,NASDAQ,1835,193,"$354,155",192.6,193,Sweep
2021-04-01 13:49:58,191.45,NASDAQ,5046,193,"$973,878",192.78,193.38,
2021-04-01 13:52:11,191.45,Dark Pool,1300,192.755,"$250,582",192.51,193,
2021-04-01 13:52:38,191.45,Dark Pool,1500,193.115,"$289,672",193.15,193.25,
2021-04-01 13:52:39,191.45,Dark Pool,1200,193.22,"$231,864",193.15,193.29,
2021-04-01 13:54:08,191.45,Dark Pool,1500,192.315,"$288,472",192.31,192.79,
2021-04-01 13:54:48,191.45,Dark Pool,1500,193.06,"$289,590",193.15,193.43,
2021-04-01 13:54:52,191.45,Dark Pool,1301,192.76,"$250,781",192.76,193.13,
2021-04-01 13:55:00,191.45,NASDAQ,1399,193.365,"$270,518",193.23,193.5,
2021-04-01 13:55:00,191.45,NASDAQ,3601,193.5,"$696,794",193.23,193.5,
2021-04-01 13:55:19,191.45,Dark Pool,1500,193.21,"$289,815",193.05,193.37,
2021-04-01 13:55:38,191.45,Dark Pool,1270,193.235,"$245,408",193.23,193.63,
2021-04-01 13:55:43,191.45,EDGX,1200,193.89,"$232,668",193.88,193.9,
2021-04-01 13:56:08,191.45,Dark Pool,1955,193.987,"$379,245",193.65,194,
2021-04-01 13:56:09,191.45,Dark Pool,1500,194,"$291,000",193.64,194,
2021-04-01 13:56:09,191.45,Dark Pool,1399,194,"$271,406",193.64,194,
2021-04-01 13:56:10,191.45,EDGX,1200,193.755,"$232,506",193.51,194,
2021-04-01 13:56:10,191.45,NASDAQ,1300,193.755,"$251,882",193.73,194,
2021-04-01 13:56:10,191.45,NASDAQ,5400,194,"$1,047,600",193.73,194,
2021-04-01 13:56:14,191.45,Dark Pool,1100,194.465,"$213,912",194.1,194.6,
2021-04-01 13:56:14,191.45,Dark Pool,1500,194.245,"$291,368",194,194.49,
2021-04-01 13:56:16,191.45,Dark Pool,1957,194.03,"$379,717",194.03,194.42,
2021-04-01 13:56:16,191.45,Dark Pool,1500,194.147,"$291,220",194.03,194.42,
2021-04-01 13:56:17,191.45,Dark Pool,1500,194.415,"$291,622",194.03,194.42,
2021-04-01 13:56:23,191.45,Dark Pool,1200,194.005,"$232,806",193.81,194.2,
2021-04-01 13:56:36,191.45,Dark Pool,3000,194.178,"$582,534",194,194.35,
2021-04-01 13:56:39,191.45,ARCA,1200,193.41,"$232,092",194,193.43,Sweep
2021-04-01 13:56:39,191.45,ARCA,1206,193.43,"$233,277",194,193.43,Sweep
2021-04-01 13:56:42,191.45,Dark Pool,1354,193.432,"$261,907",193.43,193.83,
2021-04-01 13:56:54,191.45,Dark Pool,1500,193.615,"$290,422",193.4,193.83,
2021-04-01 13:56:56,191.45,Dark Pool,1500,193.44,"$290,160",193.29,193.59,
2021-04-01 13:57:57,191.45,Dark Pool,1297,191.772,"$248,728",191.36,191.78,
2021-04-01 13:58:05,191.45,Dark Pool,3000,191.77,"$575,310",191.37,191.77,
2021-04-01 13:58:19,191.45,EDGX,1998,191.5,"$382,617",191.49,191.84,Sweep
2021-04-01 13:58:42,191.45,EDGX,1200,191.885,"$230,262",191.78,192,Sweep
2021-04-01 13:58:42,191.45,EDGX,1200,192,"$230,400",191.78,192,
2021-04-01 13:59:03,191.45,Dark Pool,3000,192.75,"$578,250",192.63,192.91,
2021-04-01 14:02:23,191.45,Dark Pool,1500,192.695,"$289,042",192.66,193,
2021-04-01 14:02:53,191.45,Dark Pool,1067,192.76,"$205,675",192.76,192.98,
2021-04-01 14:03:41,191.45,Dark Pool,3000,192.87,"$578,610",192.87,193.2,
2021-04-01 14:04:34,191.45,ARCA,1400,192.97,"$270,158",193,193.15,
2021-04-01 14:04:42,191.45,BATS,1221,193,"$235,653",192.8,193.2,Sweep
2021-04-01 14:04:43,191.45,Dark Pool,1500,192.975,"$289,462",192.76,193.19,
2021-04-01 14:05:21,191.45,Dark Pool,1400,193.3,"$270,620",193.13,193.47,
2021-04-01 14:05:27,191.45,NYSE,1498,193.73,"$290,208",193.72,193.73,
2021-04-01 14:05:34,191.45,Dark Pool,1500,193.455,"$290,182",193.99,194,
2021-04-01 14:05:36,191.45,EDGX,1278,194,"$247,932",193.8,194,
2021-04-01 14:05:37,191.45,ARCA,1804,194,"$349,976",193.89,194,Sweep
2021-04-01 14:05:37,191.45,BATS,1057,194,"$205,058",193.89,194,Sweep
2021-04-01 14:06:48,191.45,Dark Pool,1600,194.5,"$311,200",194.3,194.73,
2021-04-01 14:07:26,191.45,Dark Pool,1300,194.59,"$252,967",194.45,194.73,
2021-04-01 14:07:30,191.45,NASDAQ,1500,194.73,"$292,095",194.55,194.73,
2021-04-01 14:07:31,191.45,Dark Pool,1500,194.555,"$291,832",194.55,194.84,
2021-04-01 14:07:33,191.45,Dark Pool,1500,194.695,"$292,042",194.55,194.84,
2021-04-01 14:07:47,191.45,NASDAQ,1329,194.8,"$258,889",194.63,194.89,
2021-04-01 14:07:47,191.45,NASDAQ,1329,194.89,"$259,009",194.63,194.9,
2021-04-01 14:07:51,191.45,Dark Pool,4700,194.89,"$915,983",194.57,194.89,
2021-04-01 14:07:59,191.45,Dark Pool,1200,194.78,"$233,736",194.66,194.9,
2021-04-01 14:08:04,191.45,ARCA,9855,194.9,"$1,920,740",194.76,194.9,Sweep
2021-04-01 14:08:31,191.45,Dark Pool,2500,194.55,"$486,375",194.41,194.69,
2021-04-01 14:08:53,191.45,EDGA,1200,194.625,"$233,550",194.4,194.85,
2021-04-01 14:09:02,191.45,Dark Pool,2800,194.9,"$545,720",194.56,194.9,
2021-04-01 14:09:08,191.45,Dark Pool,1520,194.71,"$295,959",194.71,194.9,
2021-04-01 14:09:09,191.45,EDGA,1200,194.805,"$233,766",194.71,194.9,
2021-04-01 14:09:22,191.45,EDGA,1200,194.78,"$233,736",194.66,194.9,
2021-04-01 14:09:52,191.45,Dark Pool,2000,194.85,"$389,700",194.8,194.9,
2021-04-01 14:09:54,191.45,NASDAQ,1300,194.895,"$253,364",194.8,194.99,Sweep
2021-04-01 14:09:54,191.45,NASDAQ,2000,195,"$390,000",194.8,195,Sweep
2021-04-01 14:09:54,191.45,EDGX,1300,194.955,"$253,442",194.8,195,Sweep
2021-04-01 14:09:54,191.45,NYSE,2521,195,"$491,595",194.8,195,
2021-04-01 14:09:54,191.45,EDGX,10000,195,"$1,950,000",194.8,195,
2021-04-01 14:09:54,191.45,NASDAQ,1200,194.95,"$233,940",194.8,195.1,
2021-04-01 14:09:55,191.45,Dark Pool,1500,195.06,"$292,590",194.8,195.16,
2021-04-01 14:09:57,191.45,Dark Pool,1200,194.985,"$233,982",194.81,195.16,
2021-04-01 14:10:04,191.45,Dark Pool,1500,195.23,"$292,845",195.01,195.35,
2021-04-01 14:10:13,191.45,Dark Pool,1500,195.1,"$292,650",194.9,195.3,
2021-04-01 14:10:13,191.45,Dark Pool,1074,194.45,"$208,839",194.33,194.71,
2021-04-01 14:10:17,191.45,Dark Pool,1477,194.435,"$287,180",194.43,194.71,
2021-04-01 14:10:23,191.45,ARCA,1481,193.91,"$287,181",194.5,193.91,Sweep
2021-04-01 14:10:31,191.45,ARCA,2291,193,"$442,163",193.56,193,Sweep
2021-04-01 14:10:31,191.45,ARCA,1052,193,"$203,036",193.56,193,Sweep
2021-04-01 14:10:31,191.45,ARCA,1136,193,"$219,248",193.56,193,Sweep
2021-04-01 14:10:31,191.45,ARCA,1800,193,"$347,400",193.56,193,Sweep
2021-04-01 14:10:31,191.45,NASDAQ,1800,193.23,"$347,814",193,193,Sweep
2021-04-01 14:10:31,191.45,ARCA,1907,193,"$368,051",193,193,Sweep
2021-04-01 14:10:40,191.45,ARCA,2005,193,"$386,965",192.7,193,
2021-04-01 14:10:40,191.45,ARCA,2419,193,"$466,867",192.7,193.61,Sweep
2021-04-01 14:10:42,191.45,Dark Pool,1100,192.88,"$212,168",192.7,193.12,Sweep
2021-04-01 14:11:26,191.45,Dark Pool,1500,191.71,"$287,565",191.7,192.52,
2021-04-01 14:11:52,191.45,ARCA,1740,191.48,"$333,175",191.87,191.48,Sweep
2021-04-01 14:12:00,191.45,Dark Pool,1683,191.48,"$322,261",190.95,191.48,
2021-04-01 14:12:27,191.45,NASDAQ,1453,192,"$278,976",191.87,192,Sweep
2021-04-01 14:12:27,191.45,NASDAQ,4645,192,"$891,840",191.87,192.04,
2021-04-01 14:12:36,191.45,Dark Pool,1800,191.925,"$345,465",191.6,192.25,
2021-04-01 14:13:27,191.45,Dark Pool,1179,191.17,"$225,389",191.3,191.41,
2021-04-01 14:13:40,191.45,Dark Pool,1361,191.66,"$260,849",191.66,192.17,
2021-04-01 14:15:20,191.45,Dark Pool,2800,191.86,"$537,208",191.61,192.11,
2021-04-01 14:15:59,191.45,NASDAQ,3363,192.4,"$647,041",192.27,192.4,
2021-04-01 14:16:05,191.45,NASDAQ,1408,191.76,"$269,998",191.76,192.06,Sweep
2021-04-01 14:16:17,191.45,NYSE,3199,191.76,"$613,440",191.76,192.06,
2021-04-01 14:17:19,191.45,Dark Pool,1400,191.846,"$268,584",191.84,192.17,
2021-04-01 14:17:47,191.45,Dark Pool,2500,191.83,"$479,575",191.83,192,
2021-04-01 14:18:49,191.45,Dark Pool,1661,191.83,"$318,630",191.83,192.2,
2021-04-01 14:20:34,191.45,BATS,2786,191.75,"$534,216",191.5,191.75,
2021-04-01 14:20:34,191.45,EDGX,2577,191.75,"$494,140",191.5,191.99,
2021-04-01 14:21:46,191.45,EDGX,1200,192.5,"$231,000",192.5,192.5,
2021-04-01 14:21:54,191.45,ARCA,1300,192.5,"$250,250",192.5,192.63,
2021-04-01 14:21:54,191.45,BATS,1109,192.5,"$213,482",192.23,192.63,
2021-04-01 14:22:50,191.45,Dark Pool,2000,192.99,"$385,980",192.65,193,
2021-04-01 14:23:43,191.45,Dark Pool,1400,193.88,"$271,432",193.72,193.99,
2021-04-01 14:23:43,191.45,Dark Pool,1400,193.94,"$271,516",193.68,193.99,
2021-04-01 14:23:43,191.45,EDGX,9387,193.885,"$1,819,998",193.77,194,
2021-04-01 14:23:43,191.45,Dark Pool,1400,193.94,"$271,516",193.77,194,
2021-04-01 14:23:43,191.45,EDGX,3625,193.84,"$702,670",193.68,194,Sweep
2021-04-01 14:24:04,191.45,EDGX,1120,193.99,"$217,269",193.74,193.99,
2021-04-01 14:24:05,191.45,EDGX,1060,193.99,"$205,629",193.73,194,
2021-04-01 14:24:09,191.45,Dark Pool,1500,193.8,"$290,700",193.68,193.92,
2021-04-01 14:24:11,191.45,Dark Pool,1500,193.794,"$290,691",193.68,193.91,
2021-04-01 14:24:59,191.45,Dark Pool,1500,193.815,"$290,722",193.63,194,
2021-04-01 14:25:04,191.45,Dark Pool,1500,193.703,"$290,554",193.7,193.93,
2021-04-01 14:26:46,191.45,Dark Pool,1500,194.597,"$291,896",194.38,194.6,
2021-04-01 14:27:51,191.45,Dark Pool,1500,194.479,"$291,718",194.37,194.65,
2021-04-01 14:28:19,191.45,Dark Pool,2103,194.55,"$409,139",194.37,194.55,
2021-04-01 14:28:53,191.45,PHLX,1700,194.45,"$330,565",194.45,194.7,
2021-04-01 14:28:56,191.45,NYSE,1665,194.31,"$323,526",194.31,194.6,
2021-04-01 14:29:06,191.45,Dark Pool,1500,194.16,"$291,240",194.02,194.3,
2021-04-01 14:30:04,191.45,Dark Pool,3000,193.661,"$580,983",193.6,193.99,
2021-04-01 14:30:53,191.45,Dark Pool,2750,193.841,"$533,063",193.68,193.91,
2021-04-01 14:33:06,191.45,Dark Pool,1960,193.02,"$378,319",193.01,193.29,
2021-04-01 14:35:20,191.45,Dark Pool,1250,193.865,"$242,331",193.6,194.13,
2021-04-01 14:35:46,191.45,Dark Pool,1250,194.338,"$242,922",194.1,194.45,
2021-04-01 14:35:57,191.45,Dark Pool,1250,194.44,"$243,050",194.44,194.78,
2021-04-01 14:36:01,191.45,Dark Pool,1559,194.778,"$303,659",194.54,194.78,
2021-04-01 14:36:03,191.45,NYSE,2343,195,"$456,885",194.68,195,
2021-04-01 14:36:03,191.45,Dark Pool,7195,195,"$1,403,025",194.68,195.07,
2021-04-01 14:36:04,191.45,Dark Pool,2600,195.127,"$507,330",194.8,195.13,
2021-04-01 14:36:11,191.45,Dark Pool,1250,194.84,"$243,550",194.55,195.13,
2021-04-01 14:36:48,191.45,NYSE,2650,196,"$519,400",195.71,196,Sweep
2021-04-01 14:36:48,191.45,NYSE,1033,196.25,"$202,726",195.89,196.3,Sweep
2021-04-01 14:37:05,191.45,Dark Pool,1250,195.165,"$243,956",195.16,195.58,
2021-04-01 14:37:24,191.45,Dark Pool,16000,195,"$3,120,000",194.55,195.38,
2021-04-01 14:37:31,191.45,EDGX,1837,195,"$358,215",194.51,195,
2021-04-01 14:38:53,191.45,Dark Pool,1400,195.1,"$273,140",195.06,195.42,
2021-04-01 14:39:23,191.45,Dark Pool,1069,194.262,"$207,666",194.25,194.82,
2021-04-01 14:41:43,191.45,Dark Pool,2810,194,"$545,140",193.8,194.03,
2021-04-01 14:47:40,191.45,Dark Pool,1100,194.25,"$213,675",194.01,194.3,
2021-04-01 14:51:55,191.45,Dark Pool,1800,191.39,"$344,502",191.37,192.06,
2021-04-01 14:56:14,191.45,Dark Pool,1500,193.3,"$289,950",193.11,193.49,
2021-04-01 15:05:02,191.45,Dark Pool,1500,193.255,"$289,882",193.14,193.37,
2021-04-01 15:06:34,191.45,Dark Pool,1400,193.21,"$270,494",193.01,193.46,
2021-04-01 15:07:14,191.45,NYSE,1753,193.2,"$338,680",192.9,193.47,
2021-04-01 15:08:35,191.45,Dark Pool,2567,193.47,"$496,637",193.27,193.49,
2021-04-01 15:11:56,191.45,ARCA,1514,191.99,"$290,673",191.99,192.38,Sweep
2021-04-01 15:15:28,191.45,Dark Pool,1500,192.72,"$289,080",192.49,192.95,
2021-04-01 15:15:45,191.45,Dark Pool,2898,192.3,"$557,285",192.3,192.85,
2021-04-01 15:16:10,191.45,Dark Pool,1100,192.76,"$212,036",192.76,193.17,
2021-04-01 15:16:33,191.45,Dark Pool,1500,192.825,"$289,238",192.5,193.15,
2021-04-01 15:22:00,191.45,Dark Pool,1071,193.5,"$207,238",193.2,193.5,
2021-04-01 15:24:49,191.45,Dark Pool,1400,192.5,"$269,500",192.27,192.63,
2021-04-01 15:25:00,191.45,EDGX,1388,193,"$267,884",192.75,193,
2021-04-01 15:35:25,191.45,Dark Pool,2500,192.526,"$481,315",192.3,192.8,
2021-04-01 15:36:52,191.45,EDGX,1361,192.25,"$261,652",192.25,192.45,
2021-04-01 15:36:52,191.45,NASDAQ,1831,192.25,"$352,010",192.22,192.45,
2021-04-01 15:36:52,191.45,Dark Pool,2400,192.15,"$461,160",192.12,192.45,
2021-04-01 15:36:59,191.45,NYSE,1761,192,"$338,112",192,192.34,
2021-04-01 15:36:59,191.45,ARCA,1418,191.64,"$271,746",191.64,191.91,
2021-04-01 15:37:00,191.45,ARCA,5100,191.64,"$977,364",191.64,192.06,Sweep
2021-04-01 15:37:00,191.45,ARCA,4952,191.64,"$949,001",191.64,192.06,
2021-04-01 15:37:02,191.45,Dark Pool,1400,191.385,"$267,939",191.37,192.04,
2021-04-01 15:37:08,191.45,Dark Pool,1300,191.765,"$249,294",191.49,192.04,
2021-04-01 15:37:18,191.45,NYSE,1623,191,"$309,993",191,191.69,Sweep
2021-04-01 15:37:18,191.45,BSE,1264,190.01,"$240,173",190,190.48,Sweep
2021-04-01 15:37:18,191.45,NYSE,2281,190,"$433,390",190,190.48,Sweep
2021-04-01 15:37:18,191.45,IEX,1900,189.94,"$360,886",189.78,189.94,
2021-04-01 15:38:08,191.45,Dark Pool,3000,188.799,"$566,397",188.79,189.73,
2021-04-01 15:40:52,191.45,Dark Pool,1066,188.4,"$200,834",188.34,188.8,
2021-04-01 15:42:27,191.45,EDGX,1834,189,"$346,626",188.69,189,Sweep
2021-04-01 15:50:35,191.45,Dark Pool,1057,190,"$200,830",189.86,190.16,
2021-04-01 15:52:49,191.45,NYSE,1973,190.38,"$375,620",190.26,190.4,
2021-04-01 15:52:58,191.45,NYSE,1960,190.48,"$373,341",190.39,190.55,
2021-04-01 15:53:42,191.45,NYSE,1432,190,"$272,080",190,190.24,Sweep
2021-04-01 15:55:15,191.45,NYSE,1955,190.15,"$371,743",190.25,190.58,Sweep
2021-04-01 15:55:15,191.45,NYSE,4800,190.15,"$912,720",190.16,190.31,Sweep
2021-04-01 15:57:17,191.45,Dark Pool,1250,190.34,"$237,925",190.28,190.4,
2021-04-01 15:58:03,191.45,Dark Pool,2500,190.105,"$475,262",190.01,190.2,
2021-04-01 15:59:23,191.45,Dark Pool,1439,189.806,"$273,131",189.8,190,
2021-04-01 15:59:46,191.45,Dark Pool,1250,190.692,"$238,365",190.4,190.7,
2021-04-01 15:59:58,191.45,NYSE,2350,190.67,"$448,074",190.5,190.68,
2021-04-01 15:59:59,191.45,NYSE,2652,190.6,"$505,471",190.5,190.63,
2021-04-01 16:00:02,191.45,NYSE,59191,191.45,"$11,332,117",190.01,190.94,Closing
2021-04-01 16:03:43,191.5,NASDAQ,1304,190.8,"$248,803",190.05,190.9,After-Hours
2021-04-01 16:14:26,191.5,ARCA,1597,190.49,"$304,213",190.32,190.49,"Sweep, After-Hours"
2021-04-01 16:17:55,191.5,Dark Pool,1215,190.16,"$231,044",190.16,190.51,After-Hours
2021-04-01 16:27:24,191.5,Dark Pool,1600,190.32,"$304,512",190.22,190.32,After-Hours
2021-04-01 17:06:23,191.5,Dark Pool,8624,191.45,"$1,651,065",190.1,190.3,After-Hours
2021-04-01 17:58:00,191.5,AMEX,3000,190.9,"$572,700",190.64,190.9,"Sweep, After-Hours"
2021-04-01 17:58:31,191.5,AMEX,1950,190.9,"$372,255",190.64,191.3,"Sweep, After-Hours"
2021-04-01 17:58:50,191.5,Dark Pool,1600,191.3,"$306,080",191.3,191.38,After-Hours
2021-04-01 17:59:27,191.5,NASDAQ,1716,191.45,"$328,528",190.76,191.5,After-Hours
2021-04-01 18:42:43,191.5,Dark Pool,1900,191,"$362,900",190.8,191,After-Hours
